{
    "alpha0": 2212531.25,
    "beta0": 11.576597213745117,
    "W0": [
        0.0167396143078804,
        1.995051383972168,
        1.0207680463790894
    ],
    "num_epochs": 500,
    "batch_size": 100,
    "approx_size": 100,
    "grid_size": 200,
    "optimizer": "Adam (\nParameter Group 0\n    amsgrad: False\n    betas: (0.9, 0.999)\n    capturable: False\n    differentiable: False\n    eps: 1e-08\n    foreach: None\n    fused: None\n    lr: 0.001\n    maximize: False\n    weight_decay: 0\n)",
    "delta": 1e-05,
    "final_alpha": 2212531.25,
    "final_beta": 11.576597213745117,
    "final_W": [
        0.0167396143078804,
        1.995051383972168,
        1.0207680463790894
    ],
    "true_alpha": 12.673684210526261,
    "true_beta": 3.1684210526315644,
    "true_rho": 0.8
}