{
    "alpha0": 2246066.5,
    "beta0": 11.752716064453125,
    "W0": [
        0.4422712028026581,
        1.5630406141281128,
        0.9963681697845459
    ],
    "num_epochs": 500,
    "batch_size": 100,
    "approx_size": 100,
    "grid_size": 200,
    "optimizer": "Adam (\nParameter Group 0\n    amsgrad: False\n    betas: (0.9, 0.999)\n    capturable: False\n    differentiable: False\n    eps: 1e-08\n    foreach: None\n    fused: None\n    lr: 0.001\n    maximize: False\n    weight_decay: 0\n)",
    "delta": 1e-05,
    "final_alpha": 2246066.5,
    "final_beta": 11.752716064453125,
    "final_W": [
        0.4422712028026581,
        1.5630406141281128,
        0.9963681697845459
    ],
    "true_alpha": 2.0000000000000004,
    "true_beta": 2.0000000000000004,
    "true_rho": 0.5
}