{
    "alpha0": 9.870205879211426,
    "beta0": 9.351388931274414,
    "W0": [
        -3.725135326385498,
        3.7029125690460205,
        0.04693687707185745
    ],
    "num_epochs": 500,
    "batch_size": 100,
    "approx_size": 100,
    "grid_size": 200,
    "optimizer": "Adam (\nParameter Group 0\n    amsgrad: False\n    betas: (0.9, 0.999)\n    capturable: False\n    differentiable: False\n    eps: 1e-08\n    foreach: None\n    fused: None\n    lr: 0.001\n    maximize: False\n    weight_decay: 0\n)",
    "delta": 1e-05,
    "final_alpha": 9.870205879211426,
    "final_beta": 9.351388931274414,
    "final_W": [
        -3.725135326385498,
        3.7029125690460205,
        0.04693687707185745
    ],
    "true_alpha": 2.0000000000000004,
    "true_beta": 2.0000000000000004,
    "true_rho": 0.5
}