{
    "alpha0": 0.08627383410930634,
    "beta0": 0.08627383410930634,
    "W0": [
        0.4254796504974365,
        1.580061435699463,
        1.0026826858520508
    ],
    "num_epochs": 500,
    "batch_size": 100,
    "approx_size": 100,
    "grid_size": 200,
    "optimizer": "Adam (\nParameter Group 0\n    amsgrad: False\n    betas: (0.9, 0.999)\n    capturable: False\n    differentiable: False\n    eps: 1e-08\n    foreach: None\n    fused: None\n    lr: 0.001\n    maximize: False\n    weight_decay: 0\n)",
    "delta": 1e-05,
    "final_alpha": 0.08627383410930634,
    "final_beta": 0.08627383410930634,
    "final_W": [
        0.4254796504974365,
        1.580061435699463,
        1.0026826858520508
    ],
    "true_alpha": 2.0000000000000004,
    "true_beta": 2.0000000000000004,
    "true_rho": 0.5
}