{
    "alpha0": 0.08594565838575363,
    "beta0": 0.08594565838575363,
    "W0": [
        -1.0897464752197266,
        3.09291672706604,
        1.0133024454116821
    ],
    "num_epochs": 500,
    "batch_size": 100,
    "approx_size": 100,
    "grid_size": 200,
    "optimizer": "Adam (\nParameter Group 0\n    amsgrad: False\n    betas: (0.9, 0.999)\n    capturable: False\n    differentiable: False\n    eps: 1e-08\n    foreach: None\n    fused: None\n    lr: 0.001\n    maximize: False\n    weight_decay: 0\n)",
    "delta": 1e-05,
    "final_alpha": 0.08594565838575363,
    "final_beta": 0.08594565838575363,
    "final_W": [
        -1.0897464752197266,
        3.09291672706604,
        1.0133024454116821
    ],
    "true_alpha": 41.52058823529439,
    "true_beta": 2.185294117647075,
    "true_rho": 0.95
}