{
    "alpha0": 2253283.75,
    "beta0": 11.77767276763916,
    "W0": [
        0.014535716734826565,
        1.993058443069458,
        1.0208384990692139
    ],
    "num_epochs": 500,
    "batch_size": 100,
    "approx_size": 100,
    "grid_size": 200,
    "optimizer": "Adam (\nParameter Group 0\n    amsgrad: False\n    betas: (0.9, 0.999)\n    capturable: False\n    differentiable: False\n    eps: 1e-08\n    foreach: None\n    fused: None\n    lr: 0.001\n    maximize: False\n    weight_decay: 0\n)",
    "delta": 1e-05,
    "final_alpha": 2253283.75,
    "final_beta": 11.77767276763916,
    "final_W": [
        0.014535716734826565,
        1.993058443069458,
        1.0208384990692139
    ],
    "true_alpha": 12.673684210526261,
    "true_beta": 3.1684210526315644,
    "true_rho": 0.8
}