{
    "alpha0": 10.81397533416748,
    "beta0": 10.291014671325684,
    "W0": [
        -3.8916873931884766,
        3.869809627532959,
        0.049012988805770874
    ],
    "num_epochs": 500,
    "batch_size": 100,
    "approx_size": 100,
    "grid_size": 200,
    "optimizer": "Adam (\nParameter Group 0\n    amsgrad: False\n    betas: (0.9, 0.999)\n    capturable: False\n    differentiable: False\n    eps: 1e-08\n    foreach: None\n    fused: None\n    lr: 0.001\n    maximize: False\n    weight_decay: 0\n)",
    "delta": 1e-05,
    "final_alpha": 10.81397533416748,
    "final_beta": 10.291014671325684,
    "final_W": [
        -3.8916873931884766,
        3.869809627532959,
        0.049012988805770874
    ],
    "true_alpha": 2.0000000000000004,
    "true_beta": 2.0000000000000004,
    "true_rho": 0.5
}